{
  "threshold": 0.8799999999999999,
  "val_f1_macro": 0.9550229181550047
}