{
  "accuracy": 0.9945812807881773,
  "precision_macro": 0.9926551141381887,
  "recall_macro": 0.9955097700271944,
  "f1_macro": 0.9940568883272549,
  "precision_weighted": 0.9946396494745406,
  "recall_weighted": 0.9945812807881773,
  "f1_weighted": 0.9945891075413255,
  "precision_class0": 0.9992378048780488,
  "recall_class0": 0.9924299772899319,
  "f1_class0": 0.9958222559817699,
  "precision_class1": 0.9860724233983287,
  "recall_class1": 0.998589562764457,
  "f1_class1": 0.9922915206727401,
  "roc_auc": 0.9998798832785779,
  "pr_auc": 0.9997313304565677,
  "log_loss": 0.021192309415581045,
  "training_time_s": 441.7159447669983,
  "best_val_threshold": 0.105,
  "best_val_f1_macro": 0.9978311409694265,
  "hard_neg_count": 365,
  "hard_neg_accuracy": 0.9945205479452055
}