{
  "threshold": 0.7649999999999999,
  "val_f1_macro": 0.9989162802467251
}