{
  "accuracy": 0.9970443349753695,
  "precision_macro": 0.9970738570455685,
  "recall_macro": 0.9964221232579071,
  "f1_macro": 0.9967467114541398,
  "precision_weighted": 0.9970445266771241,
  "recall_weighted": 0.9970443349753695,
  "f1_weighted": 0.9970433655176455,
  "precision_class0": 0.9969765684051398,
  "recall_class0": 0.9984859954579863,
  "f1_class0": 0.9977307110438729,
  "precision_class1": 0.9971711456859972,
  "recall_class1": 0.9943582510578279,
  "f1_class1": 0.9957627118644068,
  "roc_auc": 0.9993337525851788,
  "pr_auc": 0.9987881723262746,
  "log_loss": 0.019420018063641818,
  "hard_neg_count": 365,
  "hard_neg_accuracy": 1.0,
  "training_time_s": 2360.5502231121063,
  "best_val_threshold": 0.8699999999999999,
  "best_val_f1_macro": 0.9978311409694265
}