{
  "threshold": 0.8699999999999999,
  "val_f1_macro": 0.9978311409694265
}